<?xml version="1.0" encoding="UTF-8"?>
<project-private xmlns="http://www.netbeans.org/ns/project-private/1">
    <editor-bookmarks xmlns="http://www.netbeans.org/ns/editor-bookmarks/2" lastBookmarkId="0"/>
    <open-files xmlns="http://www.netbeans.org/ns/projectui-open-files/2">
        <group>
            <file>file:/Users/rafaelcergoli/NetBeansProjects/2M/CarrosWeb/src/java/classesJava/CarrosBean.java</file>
            <file>file:/Users/rafaelcergoli/NetBeansProjects/2M/CarrosWeb/src/java/classesJava/Carros.java</file>
            <file>file:/Users/rafaelcergoli/NetBeansProjects/2M/CarrosWeb/src/java/classesJava/CarrosDAO.java</file>
            <file>file:/Users/rafaelcergoli/NetBeansProjects/2M/CarrosWeb/web/index.xhtml</file>
            <file>file:/Users/rafaelcergoli/NetBeansProjects/2M/CarrosWeb/src/java/classesJava/ConectaBD.java</file>
        </group>
    </open-files>
</project-private>
